,clay_perc,sand_perc,silt_perc
count,57268.0,57142.0,57195.0
mean,24.260378433589754,38.385098753348544,37.29842872758119
std,17.60739145272819,28.895348843461267,20.587970559841995
min,0.0,0.0,0.0
25%,10.304025,12.2,20.8
50%,21.77406,33.0,37.16
75%,33.987584999999996,60.9,53.0
max,100.0,100.0,256.0
