,clay_perc,sand_perc,silt_perc
25%,10.494306666666667,12.5,22.166666666666668
50%,21.879640833333337,32.76333333333333,36.875
75%,34.24415083333333,60.696666666666665,52.375
count,9544.666666666666,9523.666666666666,9532.5
max,92.34145166666667,99.91666666666667,118.98333333333333
mean,24.227685262281913,38.24943478548861,37.43415787824708
min,0.0,0.08333333333333333,0.016666666666666666
std,17.18131142205502,28.752731754136374,20.226447072487066
